,memory_size_MiB,vm,name,power_state,cpu_count
0,2048,vm-1027,BCCentos,POWERED_ON,1
1,2048,vm-1029,CentOS - Docker,POWERED_ON,1
2,8192,vm-1035,BC WinServ 2016,POWERED_ON,2
3,8192,vm-1037,Win16 Jump Server WAN,POWERED_OFF,2
4,4096,vm-11067,cm-psh-host-1a,POWERED_ON,2
5,6144,vm-11093,LCM-Prod,POWERED_ON,2
6,16384,vm-11094,IDM-Prod,POWERED_ON,10
7,43008,vm-11097,vra-8-prod,POWERED_ON,12
8,32768,vm-11098,vssc-raas,POWERED_OFF,16
9,12288,vm-11215,Network Insight Collector,POWERED_OFF,4
10,2048,vm-11467,ansible-patch-server,POWERED_ON,2
11,8192,vm-13038,BC-MID,POWERED_ON,4
12,10240,vm-13040,horizon8-conn,POWERED_OFF,4
13,18432,vm-13049,vra-74,POWERED_OFF,4
14,8192,vm-13052,iaas-74-2,POWERED_OFF,4
15,512,vm-13057,Users0001,POWERED_OFF,1
16,512,vm-13058,Users0002,POWERED_OFF,1
17,32768,vm-13065,vrops-primary.mcgautomation.com,POWERED_ON,8
18,32768,vm-13066,vrops-secondary.mcgautomation.com,POWERED_ON,8
19,8192,vm-13069,Edge2,POWERED_ON,4
20,8192,vm-13071,CAS-Docker,POWERED_ON,8
21,12288,vm-13076,SRM - VCF,POWERED_ON,4
22,8192,vm-13077,vSphere Replication - VCF,POWERED_ON,4
23,8192,vm-13104,Powershell Host,POWERED_ON,2
24,8192,vm-13110,Kubernetes-Slave2,POWERED_OFF,2
25,8192,vm-13115,Demo-MID Server,POWERED_ON,4
26,4096,vm-13117,Artifactory,POWERED_OFF,1
27,32768,vm-13122,vRNI Dev,POWERED_OFF,8
28,12288,vm-13123,vRNI Dev Collector,POWERED_OFF,4
29,2048,vm-13126,salt-master-centos,POWERED_OFF,1
30,2048,vm-13127,salt-minion01,POWERED_OFF,1
31,18432,vm-13129,vRA-76-Ap,POWERED_ON,4
32,16384,vm-13131,IaaS76,POWERED_ON,4
33,10240,vm-13133,horizon7-conn,POWERED_ON,4
34,8192,vm-13154,VMTemplate-Windows Server 2022,POWERED_OFF,2
35,10240,vm-13162,horizon8-rep,POWERED_ON,4
36,8192,vm-13165,VCF-Edge,POWERED_ON,4
37,8192,vm-14014,Demo-MID Server 2,POWERED_ON,4
38,8192,vm-14020,CAS - Git,POWERED_OFF,2
39,4096,vm-14026,CAS - MySQL,POWERED_ON,2
40,4096,vm-14028,CAS - NFS,POWERED_ON,2
41,4096,vm-14030,CAS - Postgres,POWERED_ON,2
42,8192,vm-14032,CAS - Terraform,POWERED_ON,2
43,12288,vm-14040,CAS-Proxy,POWERED_ON,4
44,8192,vm-14042,CAS-Tower,POWERED_ON,2
45,8192,vm-14052,Kubernetes-Master,POWERED_OFF,2
46,8192,vm-14056,bc-edge,POWERED_ON,4
47,8192,vm-14076,BC2016,POWERED_ON,4
48,12288,vm-14078,BC WIN 2012,POWERED_ON,2
49,16384,vm-14080,BCWIN 2019,POWERED_ON,8
50,16384,vm-14088,CAS - Docker-Leg,POWERED_ON,4
51,8192,vm-14089,Database - SQL 2017,POWERED_ON,4
52,16384,vm-14091,IaaS-TA&M,POWERED_OFF,8
53,4096,vm-14095,MID-Template,POWERED_OFF,4
54,4096,vm-15032,horizon7-uag1,POWERED_ON,2
55,2048,vm-15033,CentOS 8 CloudInit,POWERED_ON,1
56,16384,vm-15048,CAS - IDM,POWERED_ON,8
57,6144,vm-15049,CAS - LCM,POWERED_ON,2
58,4096,vm-15051,bpavcflin000305,POWERED_OFF,1
59,4096,vm-15054,bpavcfwin000605,POWERED_OFF,1
60,8192,vm-15055,Kubernetes-Slave1,POWERED_OFF,2
61,8192,vm-15057,iaas73,POWERED_OFF,4
62,4096,vm-15058,vmware-IaaS,POWERED_OFF,4
63,18432,vm-15059,vRA-75,POWERED_OFF,4
64,8192,vm-15064,ubuntu-salt-minion,POWERED_OFF,2
65,18432,vm-15065,vra76-production,POWERED_ON,4
66,4096,vm-15071,Thomas Midserver,POWERED_OFF,4
67,16384,vm-15075,PFSense May 27th 2022 - Primary,POWERED_ON,4
68,4096,vm-15076,Cloud Builder 4.4.0.0-19312029_OVF10,POWERED_OFF,4
69,4096,vm-15085,dedicated01,POWERED_ON,4
70,8192,vm-15096,vrops-minimal,POWERED_OFF,2
71,12288,vm-15123,vcf-HCX,POWERED_OFF,4
72,3072,vm-15131,HCX-Mesh-IX-R1,POWERED_ON,8
73,1024,vm-15168,Cloud_vSphere_Machine_1-mcm392-204401408635,POWERED_OFF,1
74,1024,vm-15169,Cloud_vSphere_Machine_2-mcm393-204401415266,POWERED_OFF,1
75,8192,vm-16009,VMTemplate-cas-docker-backup,POWERED_OFF,8
76,4096,vm-16014,ThomasTempTest001,POWERED_OFF,2
77,1024,vm-16073,DXDBSW001,POWERED_ON,1
78,2048,vm-16074,clarence-test66,POWERED_ON,2
79,8192,vm-16075,CAS-Log Insight,POWERED_ON,4
80,40960,vm-16078,sandesxi1,POWERED_ON,16
81,40960,vm-16079,sandesxi2,POWERED_ON,16
82,40960,vm-16080,sandesxi3,POWERED_ON,16
83,12288,vm-16081,sandvcenter,POWERED_ON,2
84,51200,vm-16082,sandesxi4,POWERED_ON,16
85,1024,vm-16083,Cloud_vSphere_Machine_2-mcm752-207285485618,POWERED_ON,1
86,1024,vm-16084,Cloud_vSphere_Machine_1-mcm751-207285478026,POWERED_ON,1
87,1024,vm-16100,Cloud_vSphere_Machine_1-mcm754-209573439876,POWERED_ON,1
88,1024,vm-16101,Cloud_vSphere_Machine_2-mcm755-209573447578,POWERED_ON,1
89,1024,vm-16107,Cloud_vSphere_Machine_2-mcm758-209659116246,POWERED_ON,1
90,1024,vm-16108,Cloud_vSphere_Machine_1-mcm757-209659108019,POWERED_ON,1
91,28672,vm-19,vcf,POWERED_ON,8
92,24576,vm-34,mia-m01-nsx01a,POWERED_ON,6
93,24576,vm-35,mia-m01-nsx01c,POWERED_ON,6
94,24576,vm-36,mia-m01-nsx01b,POWERED_ON,6
95,16384,vm-43,sddcmanager,POWERED_ON,4
96,8192,vm-7176,ICG Users-VCF-Lab-001343,POWERED_OFF,2
97,8192,vm-7177,ICG Users-VCF-Lab-001345,POWERED_OFF,2
98,43008,vm-8010,cas-burner,POWERED_ON,12
99,1024,vm-9036,clarence-centos-server,POWERED_ON,2
100,8192,vm-9340,mt-ps-host,POWERED_ON,2
101,8192,vm-9588,ubuntu-terraform-desktop,POWERED_ON,4
102,43008,vm-9593,cas-middleton,POWERED_ON,12
103,2048,vm-9612,mt-ansible,POWERED_ON,1
